{
  "dishes": [
    {
      "id": 0,
      "name": "Uthappizza",
      "image": "images/uthappizza.png",
      "category": "mains",
      "label": "Hot",
      "price": "4.99",
      "featured": true,
      "description": "A unique combination of Indian Uthappam (pancake) and Italian pizza, topped with Cerignola olives, ripe vine cherry tomatoes, Vidalia onion, Guntur chillies and Buffalo Paneer."
    },
    {
      "id": 1,
      "name": "Zucchipakoda",
      "image": "images/zucchipakoda.png",
      "category": "appetizer",
      "label": "",
      "price": "1.99",
      "featured": false,
      "description": "Deep fried Zucchini coated with mildly spiced Chickpea flour batter accompanied with a sweet-tangy tamarind sauce"
    },
    {
      "id": 2,
      "name": "Vadonut",
      "image": "images/vadonut.png",
      "category": "appetizer",
      "label": "New",
      "price": "1.99",
      "featured": false,
      "description": "A quintessential ConFusion experience, is it a vada or is it a donut?"
    },
    {
      "id": 3,
      "name": "ElaiCheese Cake",
      "image": "images/elaicheesecake.png",
      "category": "dessert",
      "label": "",
      "price": "2.99",
      "featured": false,
      "description": "A delectable, semi-sweet New York Style Cheese Cake, with Graham cracker crust and spiced with Indian cardamoms"
    }
  ],
  "comments": [
    {
      "id": 0,
      "dishId": 0,
      "rating": 5,
      "comment": "Imagine all the eatables, living in conFusion!",
      "author": "John Lemon",
      "date": "2012-10-16T17:57:28.556094Z"
    },
    {
      "id": 1,
      "dishId": 0,
      "rating": 4,
      "comment": "Sends anyone to heaven, I wish I could get my mother-in-law to eat it!",
      "author": "Paul McVites",
      "date": "2014-09-05T17:57:28.556094Z"
    },
    {
      "id": 2,
      "dishId": 0,
      "rating": 3,
      "comment": "Eat it, just eat it!",
      "author": "Michael Jaikishan",
      "date": "2015-02-13T17:57:28.556094Z"
    },
    {
      "id": 3,
      "dishId": 0,
      "rating": 4,
      "comment": "Ultimate, Reaching for the stars!",
      "author": "Ringo Starry",
      "date": "2013-12-02T17:57:28.556094Z"
    },
    {
      "id": 4,
      "dishId": 0,
      "rating": 2,
      "comment": "It's your birthday, we're gonna party!",
      "author": "25 Cent",
      "date": "2011-12-02T17:57:28.556094Z"
    },
    {
      "id": 5,
      "dishId": 1,
      "rating": 5,
      "comment": "Imagine all the eatables, living in conFusion!",
      "author": "John Lemon",
      "date": "2012-10-16T17:57:28.556094Z"
    },
    {
      "id": 6,
      "dishId": 1,
      "rating": 4,
      "comment": "Sends anyone to heaven, I wish I could get my mother-in-law to eat it!",
      "author": "Paul McVites",
      "date": "2014-09-05T17:57:28.556094Z"
    },
    {
      "id": 7,
      "dishId": 1,
      "rating": 3,
      "comment": "Eat it, just eat it!",
      "author": "Michael Jaikishan",
      "date": "2015-02-13T17:57:28.556094Z"
    },
    {
      "id": 8,
      "dishId": 1,
      "rating": 4,
      "comment": "Ultimate, Reaching for the stars!",
      "author": "Ringo Starry",
      "date": "2013-12-02T17:57:28.556094Z"
    },
    {
      "id": 9,
      "dishId": 1,
      "rating": 2,
      "comment": "It's your birthday, we're gonna party!",
      "author": "25 Cent",
      "date": "2011-12-02T17:57:28.556094Z"
    },
    {
      "id": 10,
      "dishId": 2,
      "rating": 5,
      "comment": "Imagine all the eatables, living in conFusion!",
      "author": "John Lemon",
      "date": "2012-10-16T17:57:28.556094Z"
    },
    {
      "id": 11,
      "dishId": 2,
      "rating": 4,
      "comment": "Sends anyone to heaven, I wish I could get my mother-in-law to eat it!",
      "author": "Paul McVites",
      "date": "2014-09-05T17:57:28.556094Z"
    },
    {
      "id": 12,
      "dishId": 2,
      "rating": 3,
      "comment": "Eat it, just eat it!",
      "author": "Michael Jaikishan",
      "date": "2015-02-13T17:57:28.556094Z"
    },
    {
      "id": 13,
      "dishId": 2,
      "rating": 4,
      "comment": "Ultimate, Reaching for the stars!",
      "author": "Ringo Starry",
      "date": "2013-12-02T17:57:28.556094Z"
    },
    {
      "id": 14,
      "dishId": 2,
      "rating": 2,
      "comment": "It's your birthday, we're gonna party!",
      "author": "25 Cent",
      "date": "2011-12-02T17:57:28.556094Z"
    },
    {
      "id": 15,
      "dishId": 3,
      "rating": 5,
      "comment": "Imagine all the eatables, living in conFusion!",
      "author": "John Lemon",
      "date": "2012-10-16T17:57:28.556094Z"
    },
    {
      "id": 16,
      "dishId": 3,
      "rating": 4,
      "comment": "Sends anyone to heaven, I wish I could get my mother-in-law to eat it!",
      "author": "Paul McVites",
      "date": "2014-09-05T17:57:28.556094Z"
    },
    {
      "id": 17,
      "dishId": 3,
      "rating": 3,
      "comment": "Eat it, just eat it!",
      "author": "Michael Jaikishan",
      "date": "2015-02-13T17:57:28.556094Z"
    },
    {
      "id": 18,
      "dishId": 3,
      "rating": 4,
      "comment": "Ultimate, Reaching for the stars!",
      "author": "Ringo Starry",
      "date": "2013-12-02T17:57:28.556094Z"
    },
    {
      "id": 19,
      "dishId": 3,
      "rating": 2,
      "comment": "It's your birthday, we're gonna party!",
      "author": "25 Cent",
      "date": "2011-12-02T17:57:28.556094Z"
    },
    {
      "id": 20
    },
    {
      "dishId": 1,
      "rating": "5",
      "author": "Tarek",
      "comment": "Comment",
      "date": "2020-08-29T19:23:58.083Z",
      "id": 21
    },
    {
      "dishId": 1,
      "rating": "5",
      "author": "Tarek Rahman",
      "comment": "Comment",
      "date": "2020-08-29T19:27:41.404Z",
      "id": 22
    },
    {
      "dishId": 1,
      "rating": "4",
      "author": "Tarek",
      "comment": "Again",
      "date": "2020-08-29T19:31:37.900Z",
      "id": 23
    },
    {
      "dishId": 2,
      "rating": "3",
      "author": "TTTT",
      "comment": "Com",
      "date": "2020-08-29T19:32:46.108Z",
      "id": 24
    },
    {
      "dishId": 0,
      "rating": "4",
      "author": "TTTTT",
      "comment": "nice",
      "date": "2020-08-29T19:33:43.178Z",
      "id": 25
    },
    {
      "dishId": 3,
      "rating": "4",
      "author": "AAA",
      "comment": "asff",
      "date": "2020-08-29T20:10:43.235Z",
      "id": 26
    },
    {
      "dishId": 2,
      "rating": "5",
      "author": "You",
      "comment": "Hard to describe",
      "date": "2020-08-29T20:56:26.441Z",
      "id": 27
    },
    {
      "dishId": 0,
      "rating": "4",
      "author": "ABC",
      "comment": "jgf",
      "date": "2020-08-29T21:00:16.744Z",
      "id": 28
    },
    {
      "dishId": 0,
      "author": "AVFG",
      "comment": "the test",
      "date": "2020-09-02T19:26:50.748Z",
      "id": 29
    }
  ],
  "promotions": [
    {
      "id": 0,
      "name": "Weekend Grand Buffet",
      "image": "images/buffet.png",
      "label": "New",
      "price": "19.99",
      "featured": true,
      "description": "Featuring mouthwatering combinations with a choice of five different salads, six enticing appetizers, six main entrees and five choicest desserts. Free flowing bubbly and soft drinks. All for just $19.99 per person "
    }
  ],
  "leaders": [
    {
      "id": 0,
      "name": "Peter Pan",
      "image": "images/alberto.png",
      "designation": "Chief Epicurious Officer",
      "abbr": "CEO",
      "featured": false,
      "description": "Our CEO, Peter, credits his hardworking East Asian immigrant parents who undertook the arduous journey to the shores of America with the intention of giving their children the best future. His mother's wizardy in the kitchen whipping up the tastiest dishes with whatever is available inexpensively at the supermarket, was his first inspiration to create the fusion cuisines for which The Frying Pan became well known. He brings his zeal for fusion cuisines to this restaurant, pioneering cross-cultural culinary connections."
    },
    {
      "id": 1,
      "name": "Dhanasekaran Witherspoon",
      "image": "images/alberto.png",
      "designation": "Chief Food Officer",
      "abbr": "CFO",
      "featured": false,
      "description": "Our CFO, Danny, as he is affectionately referred to by his colleagues, comes from a long established family tradition in farming and produce. His experiences growing up on a farm in the Australian outback gave him great appreciation for varieties of food sources. As he puts it in his own words, Everything that runs, wins, and everything that stays, pays!"
    },
    {
      "id": 2,
      "name": "Agumbe Tang",
      "image": "images/alberto.png",
      "designation": "Chief Taste Officer",
      "abbr": "CTO",
      "featured": false,
      "description": "Blessed with the most discerning gustatory sense, Agumbe, our CFO, personally ensures that every dish that we serve meets his exacting tastes. Our chefs dread the tongue lashing that ensues if their dish does not meet his exacting standards. He lives by his motto, You click only if you survive my lick."
    },
    {
      "id": 3,
      "name": "Alberto Somayya",
      "image": "images/alberto.png",
      "designation": "Executive Chef",
      "abbr": "EC",
      "featured": true,
      "description": "Award winning three-star Michelin chef with wide International experience having worked closely with whos-who in the culinary world, he specializes in creating mouthwatering Indo-Italian fusion experiences. He says, Put together the cuisines from the two craziest cultures, and you get a winning hit! Amma Mia!"
    }
  ],
  "feedback": [
    {
      "firstname": "fdas",
      "lastname": "afds",
      "telnum": "134113",
      "email": "dafdads@daffas.dfdafd",
      "agree": true,
      "contactType": "Email",
      "message": "afadsfds",
      "date": "2017-12-04T09:41:49.890Z",
      "id": 1
    },
    {
      "firstname": "rahii",
      "lastname": "qugygti7",
      "telnum": "123455",
      "email": "tar@gmail.com",
      "agree": true,
      "contactType": "Email",
      "message": "123Test2",
      "id": 2
    },
    {
      "date": "2020-09-02T20:18:20.265Z",
      "id": 3
    },
    {
      "date": "2020-09-02T20:31:47.912Z",
      "id": 4
    },
    {
      "date": "2020-09-02T20:35:22.841Z",
      "id": 5
    },
    {
      "date": "2020-09-02T20:37:05.637Z",
      "id": 6
    },
    {
      "id": 7
    },
    {
      "id": 8
    },
    {
      "id": 9
    },
    {
      "firstname": "efeg",
      "lastname": "htbgjnhg",
      "telnum": "12345",
      "email": "tr@sn.com",
      "agree": true,
      "contactType": "Email",
      "message": " rgte",
      "id": 10
    },
    {
      "firstname": "ttry",
      "lastname": "try",
      "telnum": "123",
      "email": "12@gm.com",
      "agree": true,
      "contactType": "Email",
      "message": " What The HACK",
      "id": 11
    }
  ]
}